slug,titre,catégorie,services,résumé,texte,cover,row1_type,row1_media_a,row1_media_b,row1_legende,row2_type,row2_media_a,row2_media_b,row2_legende,statut,ordre,client,année
fashion-show-massimo-dutti-ss25,Fashion Show Massimo Dutti SS25,Identité — Print,"Direction graphique, conception, papeterie, gestion projet","Pour le lancement SS25 de Massimo Dutti à Barcelone, j'ai pris en charge toute la communication papier d'un événement où chaque détail devait être à la hauteur de la salle. Invitation, signalétique, presskit cousu main sur Fedrigoni. Un objet qu'on emporte chez soi et qui parle encore longtemps après la soirée.","Un brief, une identité existante, et l'envie d'aller plus loin. Pour le lancement SS25 de Massimo Dutti à Barcelone, j'ai pris en charge toute la communication papier d'un événement où chaque détail devait être à la hauteur de la salle.

Le concept Art in Progress de Massimo Dutti place la créativité locale au centre d'une expérience immersive, là où la mode rencontre l'art contemporain. Mon rôle : faire en sorte que chaque pièce imprimée raconte la même histoire.

Invitation, signalétique, menu, name tag, cartels des oeuvres exposées. Et surtout le presskit, pièce centrale de l'événement. Une pochette Fedrigoni Imitlin cousue au fil, encrage à chaud noir, avec à l'intérieur plusieurs fiches imprimées en offset sur Fedrigoni Tintoretto Ceylon. Chaque fiche raconte le concept Art in Progress, la direction du défilé, les oeuvres présentes. Un objet que les guests emportent chez eux et qui continue de parler longtemps après la soirée.

Un travail de recherche papier, de suivi de production, de présence sur place, de cohérence visuelle de bout en bout.",,1,,,Presskit et papeterie événementielle,2,,,"Invitation, signalétique et cartels",réalisé,0,Massimo Dutti,2025
federal-innovation-award,Federal Innovation Award,Identité — Scénographie,"Direction graphique, identité, scénographie, gestion projet","Un projet institutionnel qui ne devait pas ressembler à un formulaire. Identité complète repensée de zéro, du logotype au trophée, de la scénographie au webdesign.","Le Federal Innovation Award récompense chaque année les initiatives les plus innovantes au sein de l'administration fédérale belge. Un projet institutionnel, donc. Mais un projet institutionnel ne devrait pas ressembler à un formulaire administratif.

L'identité existante était là. Je l'ai reprise, questionnée, et recommencée. Le logotype s'inspire du symbole de Nido, la cellule d'innovation du SPF BOSA. J'ai dupliqué cette forme en pétales autour d'un centre rond rose : les acteurs publics réunis autour du citoyen, l'innovation qui fleurit à partir de lui. Un concept simple, lisible, qui porte le sens sans l'expliquer.

De là, tout le reste a suivi. Ligne graphique complète, guidelines, réseaux sociaux, animations, webdesign, scénographie événementielle, bâche, badge, photobooth, présentoir totem, flyers, roll up, affiche. Et le trophée remis aux lauréats, conçu dans le même esprit.

Un projet de A à Z, du concept jusqu'au soir de la cérémonie. Réalisé chez Profirst, en collaboration avec Tamara Maréchal à la gestion de projet.",,2,,,Identité et trophée,1,,,Scénographie de cérémonie,réalisé,1,SPF BOSA,2026
les-tailleurs,Les Tailleurs,Identité — Affiche,"Identité, logo, affiche, scénographie, merchandising, gestion projet","Une identité créée en 2019 pour un festival des arts de rue insolite et insolent. Toujours debout en 2026, à la 12ème édition.","Un festival des arts de rue, insolite et insolent, ancré dans le village d'Ecaussinnes. Le projet existait depuis plusieurs années, le slogan aussi. Ce qui manquait, c'était une identité qui soit à la hauteur de l'ambition.

En 2019, j'ai repris tout de zéro. Logo, ligne graphique, affiche, programme, flyers, bâche, signalétique, merchandising, scénographie. Un univers visuel construit pour durer, pour fonctionner en grand format comme en petit, dans la rue comme sur les réseaux.

La preuve que ça tient : l'identité est toujours là en 2026, à la 12ème édition. J'ai décliné une nouvelle affiche pour les éditions 2022, 2023 et 2024, en respectant l'esprit de départ tout en gardant la fraîcheur de chaque nouvelle année.

Un projet solo, de bout en bout.",,1,,,Affiche et identité,2,,,Scénographie et merchandising,réalisé,2,Les Tailleurs,2019
brussels-food-campus,Brussels Food Campus,Naming — Identité,"Naming, identité, baseline, ligne graphique, workshop","Naming, baseline et identité complète pour un campus agro alimentaire international à Bruxelles. Un projet graphiquement abouti qui n'a pas su voir le jour.","Former les professionnels de l'alimentation de demain, des cinq continents, dans un campus unique à Bruxelles. Le projet était porté par la Belgian Foundation for Food Sciences, financé par Extensa, ancré à Tour & Taxis. Une ambition réelle, un brief solide.

Tout est parti d'un workshop avec le client. Le nom d'abord. Brussels Food Campus s'est imposé par sa clarté et sa portée internationale. Puis la baseline : ""Feeding the future"". Trois mots qui disent l'essentiel sans en faire trop.

Le logo joue sur les contre-formes des initiales BFC. Pas de forme plaquée sur un concept, le concept naît de la forme elle-même. Ludique, accessible, ouvert. Une identité qui devait parler autant à un étudiant de Nairobi qu'à un chef bruxellois.

Le projet n'a pas vu le jour, coincé entre les tensions politiques des universités partenaires. C'est le genre de travail qui reste dans les dossiers et qui aurait mérité mieux.",,2,,,Logo et contre-formes,1,,,Ligne graphique,axe,3,Belgian Foundation for Food Sciences,2024
